Paweł Kobiela ;Jarosław Stańczak ;Paweł Bartoszczuk;AI model of a photovoltaic installation;13--22;A1-1
Larissa Koch de Souza ;Martin Engstler;Environmentally Informed GenAI Use in ITSM: A Problem Analysis of Organisational Use-Case Decision-Making;23--32;A1-2
Nicole Werner ;Heiko Thimm ;Leonie Hammann;Application of Artificial Intelligence in German Municipal Wastewater Facilities;33--42;A1-3
Engelbert Fellinger;Assessing the Maturity of Sustainability-aware Data Management Strategies that minimise Data Volumes and reduce Energy Consumption: A Study Approach;45--54;A2-1
Sarah Flohr ;Paul Bruck ;Jan Kleinmann ;Grit Behrens ;Andreas Kahlfeld;Linking Water Quality to Corrosion Behaviour at Steel Sheet Pile Walls: A Machine Learning Study in the Port of Hamburg;55--64;A2-2
Ahmed Elfeky;Life-Cycle Decision Support for Post-Optimization Industrial Decarbonization: An Environmental-Informatics Case Study of an SME Foundry;67--81;A3-1
Frank Fuchs-Kittowski ;Maximilian Deharde ;David Starzl ;Marius Poppel ;Simon Burkard;Common and Domain-Specific Design Patterns for Mobile AR Applications to Visualize Measures on Building Facades in an Environmental Context;83--92;A3-2
Sandhya Koravi;Sustainability Context Inheritance: From Trusted Evidence to Product Sustainability Profiles in Circular Economy Decision-Making;93--102;A3-3
René Nachtsheim ;Hans-Knud Arndt;Time-Variable State Spaces for Auditable ESG and Taxonomy Evidence in Operational Information Systems;103--116;A3-4
Łukasz Szałata ;Grit Behrens ;Cezary Orłowski ;Rafał Grzeszczyk;Air Quality Knowledge as a Driver of Computing Competences: An International Project-Based Learning Project;117--127;A3-5
Maximilian Jahns ;Dennis Junger ;Volker Wohlgemuth ;Geerd-Dietger Hoffmann;Windows Integration into the Green Metrics Tool: Energy Measurement of Native Windows Applications via RAPL;131--140;A4-1
Nick Kriesing Garcia ;Dennis Junger ;Volker Wohlgemuth;Joint Evaluation of the Green Coding Roadmap Training;141--153;A4-2
Danila Valko ;Jorge Marx Gómez;Toward a Framework for Performance and Carbon Footprint Assessment of Payment Channel Network Solutions;155--164;A4-3
Max Westing ;Stefan Naumann;Towards a Taxonomy of ICT and Software Sustainability Assessment Instruments;165--174;A4-4
